WigleWifi-1.4,appRelease=2.25,model=LG-H850,release=7.0,device=h1,display=NRD90U,board=msm8996,brand=lge
MAC,SSID,AuthMode,FirstSeen,Channel,RSSI,CurrentLatitude,CurrentLongitude,AltitudeMeters,AccuracyMeters,Type
10:be:f5:35:3d:3a,shay1,[WPA-PSK-CCMP][ESS],2017-10-31 13:28:52,6,-84,32.10789705,35.10592865,400,37.92499923706055,WIFI
00:90:8f:63:68:8c,esti,[WPA-PSK-CCMP][WPA2-PSK-CCMP][ESS],2017-10-31 13:28:52,10,-83,32.10789705,35.10592865,400,37.92499923706055,WIFI
14:cc:20:f1:25:c5,TP-LINK_Extender_F125C5,[WPS][ESS],2017-10-31 13:28:52,1,-81,32.10789705,35.10592865,400,37.92499923706055,WIFI
6c:b0:ce:2e:89:c9,elad,[WPA2-PSK-CCMP][WPS][ESS],2017-10-31 13:28:52,11,-81,32.10789705,35.10592865,400,37.92499923706055,WIFI
00:78:9e:ff:95:6e,Bar-ozhot,[WPA-PSK-CCMP+TKIP][WPA2-PSK-CCMP+TKIP][ESS],2017-10-31 13:28:52,11,-79,32.10789705,35.10592865,400,37.92499923706055,WIFI
d8:fe:e3:03:59:99,lior,[WPA2-PSK-CCMP][ESS],2017-10-31 13:28:52,6,-86,32.10789705,35.10592865,400,37.92499923706055,WIFI
b0:48:7a:e6:95:f0,TP-LINK_E695F0,[WPS][ESS],2017-10-31 13:28:52,4,-83,32.10789705,35.10592865,400,37.92499923706055,WIFI
e4:6f:13:72:65:18,haim,[WPA2-PSK-CCMP][ESS],2017-10-31 13:28:52,1,-85,32.10789705,35.10592865,400,37.92499923706055,WIFI
42501_7213_5455362,Partner,UNKNOWN;il,2017-10-31 13:28:52,0,-113,32.10789705,35.10592865,400,37.92499923706055,GSM
00:90:8f:63:68:8c,esti,[WPA-PSK-CCMP][WPA2-PSK-CCMP][ESS],2017-10-31 13:28:54,10,-75,32.10793115,35.10593014,414,45.5099983215332,WIFI
d0:0e:d9:21:c2:a8,HOTBOX-802E_2GExt,[WPA2-PSK-CCMP][WPS][ESS],2017-10-31 13:28:56,1,-86,32.10796579,35.10590613,418,116.80899810791016,WIFI
5a:fe:e3:03:59:9a,Bezeq Free 035998,[ESS],2017-10-31 13:29:06,6,-87,32.10810885,35.10576403,418,209.3459930419922,WIFI
e4:6f:13:72:65:18,haim,[WPA2-PSK-CCMP][ESS],2017-10-31 13:29:06,1,-80,32.10810885,35.10576403,418,209.3459930419922,WIFI
00:78:9e:fa:b4:81,HOTBOX-802E,[WPA-PSK-CCMP+TKIP][WPA2-PSK-CCMP+TKIP][ESS],2017-10-31 13:29:06,1,-84,32.10810885,35.10576403,418,209.3459930419922,WIFI
00:78:9e:ff:95:6e,Bar-ozhot,[WPA-PSK-CCMP+TKIP][WPA2-PSK-CCMP+TKIP][ESS],2017-10-31 13:29:06,11,-73,32.10810885,35.10576403,418,209.3459930419922,WIFI
e4:6f:13:72:65:18,haim,[WPA2-PSK-CCMP][ESS],2017-10-31 13:29:06,1,-75,32.10810885,35.10576403,418,209.3459930419922,WIFI
06:ae:db:3a:6d:0d,BezeqFree,[WPA2-PSK-CCMP][ESS],2017-10-31 13:29:06,9,-78,32.10810885,35.10576403,418,209.3459930419922,WIFI
14:ae:db:3a:6d:0d,bitton,[WPA2-PSK-CCMP][ESS],2017-10-31 13:29:06,9,-78,32.10810885,35.10576403,418,209.3459930419922,WIFI
d0:0e:d9:21:c2:a8,HOTBOX-802E_2GExt,[WPA2-PSK-CCMP][WPS][ESS],2017-10-31 13:29:06,1,-81,32.10810885,35.10576403,418,209.3459930419922,WIFI
30:b5:c2:f4:21:31,korait,[WPA-PSK-CCMP+TKIP][WPA2-PSK-CCMP+TKIP][WPS][ESS],2017-10-31 13:29:06,6,-83,32.10810885,35.10576403,418,209.3459930419922,WIFI
14:ae:db:cf:ec:65,BEZEQINT-EC61,[WPA-PSK-CCMP+TKIP][WPA2-PSK-CCMP+TKIP][WPS][ESS],2017-10-31 13:29:06,11,-83,32.10810885,35.10576403,418,209.3459930419922,WIFI
b0:48:7a:e6:95:f0,TP-LINK_E695F0,[WPS][ESS],2017-10-31 13:29:06,4,-78,32.10810885,35.10576403,418,209.3459930419922,WIFI
e8:94:f6:ee:d4:e4,biton10,[WPA-PSK-CCMP+TKIP][WPA2-PSK-CCMP+TKIP][ESS],2017-10-31 13:29:22,11,-82,32.10769081,35.10549985,446,68.26499938964844,WIFI
30:b5:c2:f4:21:31,korait,[WPA-PSK-CCMP+TKIP][WPA2-PSK-CCMP+TKIP][WPS][ESS],2017-10-31 13:29:24,6,-65,32.10765976,35.10531637,451,54.61199951171875,WIFI
14:ae:db:54:59:ed,korait,[WPA2-PSK-CCMP][ESS],2017-10-31 13:29:24,6,-79,32.10765976,35.10531637,451,54.61199951171875,WIFI
a0:d3:c1:87:e9:22,HP-Print-22-Officejet 6700,[WPA2-PSK-CCMP][ESS],2017-10-31 13:29:24,6,-86,32.10765976,35.10531637,451,54.61199951171875,WIFI
b0:48:7a:e6:95:f0,TP-LINK_E695F0,[WPS][ESS],2017-10-31 13:29:26,4,-67,32.10764534,35.10502751,446,53.09499740600586,WIFI
14:ae:db:58:4e:4d,26604934,[WPA2-PSK-CCMP][ESS],2017-10-31 13:29:26,11,-78,32.10764534,35.10502751,446,53.09499740600586,WIFI
b0:48:7a:e6:95:f0,TP-LINK_E695F0,[WPS][ESS],2017-10-31 13:29:28,4,-62,32.10783205,35.10502002,434,40.95899963378906,WIFI
10:be:f5:35:3d:3a,shay1,[WPA-PSK-CCMP][ESS],2017-10-31 13:29:30,6,-85,32.10750765,35.10490457,471,40.95899963378906,WIFI
6c:b0:ce:2e:89:c9,elad,[WPA2-PSK-CCMP][WPS][ESS],2017-10-31 13:29:30,11,-82,32.10750765,35.10490457,471,40.95899963378906,WIFI
48:ee:0c:3f:ac:6b,DIAMANT,[WPA2-PSK-CCMP][ESS],2017-10-31 13:29:30,11,-87,32.10750765,35.10490457,471,40.95899963378906,WIFI
42501_7213_5455362,Partner,UNKNOWN;il,2017-10-31 13:29:30,0,-113,32.10750765,35.10490457,471,40.95899963378906,GSM
14:ae:db:cd:5f:aa,BenodizL,[WPA2-PSK-CCMP][ESS],2017-10-31 13:29:33,2,-80,32.10736557,35.10487962,518,71.29899597167969,WIFI
00:78:9e:ff:95:6e,Bar-ozhot,[WPA-PSK-CCMP+TKIP][WPA2-PSK-CCMP+TKIP][ESS],2017-10-31 13:29:35,11,-82,32.10707057,35.10460658,454,50.060997009277344,WIFI
e4:6f:13:72:65:18,haim,[WPA2-PSK-CCMP][ESS],2017-10-31 13:29:35,1,-81,32.10707057,35.10460658,454,50.060997009277344,WIFI
06:ae:db:3a:6d:0d,BezeqFree,[WPA2-PSK-CCMP][ESS],2017-10-31 13:29:35,9,-85,32.10707057,35.10460658,454,50.060997009277344,WIFI
14:ae:db:cf:ec:65,BEZEQINT-EC61,[WPA-PSK-CCMP+TKIP][WPA2-PSK-CCMP+TKIP][WPS][ESS],2017-10-31 13:29:35,11,-80,32.10707057,35.10460658,454,50.060997009277344,WIFI
48:ee:0c:3f:ac:6b,DIAMANT,[WPA2-PSK-CCMP][ESS],2017-10-31 13:29:35,11,-82,32.10707057,35.10460658,454,50.060997009277344,WIFI
72:ee:0c:3f:ac:68,BezeqFree,[WPA2-PSK-CCMP][ESS],2017-10-31 13:29:35,11,-78,32.10707057,35.10460658,454,50.060997009277344,WIFI
14:ae:db:30:6f:82,debi,[WPA2-PSK-CCMP][ESS],2017-10-31 13:29:35,9,-80,32.10707057,35.10460658,454,50.060997009277344,WIFI
c4:a8:1d:14:54:2e,noyman2,[WPA2-PSK-CCMP][ESS],2017-10-31 13:29:35,1,-83,32.10707057,35.10460658,454,50.060997009277344,WIFI
c4:e9:84:50:b1:d3,noyman,[WPA-PSK-CCMP+TKIP][WPA2-PSK-CCMP+TKIP][WPS][ESS],2017-10-31 13:29:35,2,-83,32.10707057,35.10460658,454,50.060997009277344,WIFI
80:1f:02:e9:06:6e,Diamant_2EX,[WPA2-PSK-CCMP][WPS][ESS],2017-10-31 13:29:35,10,-85,32.10707057,35.10460658,454,50.060997009277344,WIFI
44:33:4c:fc:7f:6e,B-LINK_FC7F6E,[WEP][ESS],2017-10-31 13:29:35,1,-78,32.10707057,35.10460658,454,50.060997009277344,WIFI
44:33:4c:fc:7f:6f,Diamant1,[WEP][ESS],2017-10-31 13:29:35,1,-79,32.10707057,35.10460658,454,50.060997009277344,WIFI
14:ae:db:30:6f:82,debi,[WPA2-PSK-CCMP][ESS],2017-10-31 13:29:37,9,-75,32.10721314,35.10469071,449,15.170000076293945,WIFI
42501_10072_479968,Partner,HSDPA;il,2017-10-31 13:29:38,0,-113,32.10728848,35.10460258,440,19.720998764038086,GSM
74:da:38:13:f5:0c,Hasson Home_2EX,[WPA2-PSK-CCMP][WPS][ESS],2017-10-31 13:29:41,1,-79,32.10729626,35.10455874,450,9.101999282836914,WIFI
64:a5:c3:6f:4f:d8,Yadin AirPort,[WPA2-PSK-CCMP][ESS],2017-10-31 13:29:41,11,-88,32.10729626,35.10455874,450,9.101999282836914,WIFI
c4:e9:84:50:b1:d3,noyman,[WPA-PSK-CCMP+TKIP][WPA2-PSK-CCMP+TKIP][WPS][ESS],2017-10-31 13:29:43,2,-76,32.10716989,35.10437176,459,9.101999282836914,WIFI
64:a5:c3:6f:4f:d8,Yadin AirPort,[WPA2-PSK-CCMP][ESS],2017-10-31 13:29:43,11,-81,32.10716989,35.10437176,459,9.101999282836914,WIFI
f8:ab:05:46:c0:00,atamy,[WPA2-PSK-CCMP][ESS],2017-10-31 13:29:43,11,-88,32.10716989,35.10437176,459,9.101999282836914,WIFI
42501_7213_5429762,Partner,UNKNOWN;il,2017-10-31 13:29:43,0,-113,32.10716989,35.10437176,459,9.101999282836914,GSM
80:1f:02:e9:06:be,EdimaxAPbe,[WPA2-PSK-CCMP][ESS],2017-10-31 13:29:45,2,-80,32.10714084,35.10432117,461,7.585000038146973,WIFI
cc:b2:55:e9:b3:e7,MARChome,[WPA2-PSK-CCMP][ESS],2017-10-31 13:29:45,6,-87,32.10714084,35.10432117,461,7.585000038146973,WIFI
f8:ab:05:46:c0:00,atamy,[WPA2-PSK-CCMP][ESS],2017-10-31 13:29:47,11,-73,32.10705461,35.10434401,455,7.585000038146973,WIFI
f8:ab:05:f3:db:9b,HOTBOX-45,[WPA-PSK-CCMP+TKIP][WPA2-PSK-CCMP+TKIP][ESS],2017-10-31 13:29:47,1,-80,32.10705461,35.10434401,455,7.585000038146973,WIFI
08:6a:0a:37:69:17,atamy,[WPA-PSK-CCMP+TKIP][WPA2-PSK-CCMP+TKIP][ESS],2017-10-31 13:29:49,1,-84,32.10699397,35.10430262,459,9.101999282836914,WIFI
c4:12:f5:f6:c8:cc,sharvit4,[WPA2-PSK-CCMP][ESS],2017-10-31 13:29:51,10,-78,32.10689452,35.10425173,457,9.101999282836914,WIFI
d0:bf:9c:ac:50:5e,HP-Print-5E-Deskjet 4640 series,[WPA2-PSK-CCMP][ESS],2017-10-31 13:29:51,6,-87,32.10689452,35.10425173,457,9.101999282836914,WIFI
f8:ab:05:f3:db:9b,HOTBOX-45,[WPA-PSK-CCMP+TKIP][WPA2-PSK-CCMP+TKIP][ESS],2017-10-31 13:29:53,1,-75,32.10679294,35.10423681,455,10.618999481201172,WIFI
c4:12:f5:1a:0a:fe,Omer-EXT,[WPA-PSK-CCMP+TKIP][WPA2-PSK-CCMP+TKIP][WPS][ESS],2017-10-31 13:29:53,1,-78,32.10679294,35.10423681,455,10.618999481201172,WIFI
08:6a:0a:69:f9:96,HOTBOX-45,[WPA-PSK-CCMP+TKIP][WPA2-PSK-CCMP+TKIP][ESS],2017-10-31 13:29:53,1,-78,32.10679294,35.10423681,455,10.618999481201172,WIFI
c4:12:f5:1a:0a:fe,Omer-EXT,[WPA-PSK-CCMP+TKIP][WPA2-PSK-CCMP+TKIP][WPS][ESS],2017-10-31 13:29:55,1,-69,32.10667102,35.10421186,459,9.101999282836914,WIFI
d8:37:be:f1:2b:93,Omer,[WPA-PSK-CCMP+TKIP][WPA2-PSK-CCMP+TKIP][ESS],2017-10-31 13:29:55,1,-76,32.10667102,35.10421186,459,9.101999282836914,WIFI
98:de:d0:c7:ad:18,TP-LINK_AP_AD18,[WPA-PSK-CCMP+TKIP][WPA2-PSK-CCMP+TKIP][WPS][ESS],2017-10-31 13:29:55,6,-80,32.10667102,35.10421186,459,9.101999282836914,WIFI
b0:b2:8f:40:db:57,HOTBOX-45,[WPA-PSK-CCMP+TKIP][WPA2-PSK-CCMP+TKIP][ESS],2017-10-31 13:29:55,1,-80,32.10667102,35.10421186,459,9.101999282836914,WIFI
f8:e9:03:11:33:47,LimorOfri,[WPA2-PSK-CCMP][ESS],2017-10-31 13:29:55,6,-84,32.10667102,35.10421186,459,9.101999282836914,WIFI
e4:6f:13:71:a4:2a,idit34,[WPA2-PSK-CCMP][ESS],2017-10-31 13:29:59,7,-85,32.10644228,35.10426614,462,9.101999282836914,WIFI
54:e6:fc:ff:70:cd,TP-LINK_FF70CD,[ESS],2017-10-31 13:29:59,1,-82,32.10644228,35.10426614,462,9.101999282836914,WIFI
d0:0f:6d:f1:1a:c7,mirk,[WPA-PSK-CCMP+TKIP][ESS],2017-10-31 13:30:01,5,-82,32.10631156,35.10429631,462,7.585000038146973,WIFI
62:ee:0c:3e:e1:c4,Bezeq Free,[WPA2-PSK-CCMP][ESS],2017-10-31 13:30:01,3,-83,32.10631156,35.10429631,462,7.585000038146973,WIFI
48:ee:0c:3e:e1:c7,galina2005,[WPA2-PSK-CCMP][ESS],2017-10-31 13:30:01,3,-85,32.10631156,35.10429631,462,7.585000038146973,WIFI
c4:12:f5:f4:de:7c,drabkin,[WPA2-PSK-CCMP][ESS],2017-10-31 13:30:05,10,-79,32.10613601,35.10441133,462,10.618999481201172,WIFI
42501_7213_5429762,Partner,UNKNOWN;il,2017-10-31 13:30:05,0,-113,32.10613601,35.10441133,462,10.618999481201172,GSM
c4:12:f5:f4:de:7c,drabkin,[WPA2-PSK-CCMP][ESS],2017-10-31 13:30:07,10,-72,32.10605263,35.1044623,462,10.618999481201172,WIFI
14:ae:db:4d:44:a5,amram,[WPA2-PSK-CCMP][ESS],2017-10-31 13:30:07,6,-77,32.10605263,35.1044623,462,10.618999481201172,WIFI
c4:12:f5:f6:4f:5a,Yulya2.4,[WPA2-PSK-CCMP][ESS],2017-10-31 13:30:09,6,-79,32.10596038,35.10450237,462,12.13599967956543,WIFI
7c:b7:33:2b:d0:45,Yair,[WPA-PSK-CCMP+TKIP][WPA2-PSK-CCMP+TKIP][ESS],2017-10-31 13:30:09,1,-86,32.10596038,35.10450237,462,12.13599967956543,WIFI
14:ae:db:a3:2a:5d,BEZEQINT-2A59,[WPA-PSK-CCMP+TKIP][WPA2-PSK-CCMP+TKIP][WPS][ESS],2017-10-31 13:30:09,1,-88,32.10596038,35.10450237,462,12.13599967956543,WIFI
14:ae:db:a3:2a:5d,BEZEQINT-2A59,[WPA-PSK-CCMP+TKIP][WPA2-PSK-CCMP+TKIP][WPS][ESS],2017-10-31 13:30:11,1,-78,32.10583463,35.10456393,461,12.13599967956543,WIFI
14:ae:db:55:93:6d,BEZEQINT-9369,[WPA-PSK-CCMP+TKIP][WPA2-PSK-CCMP+TKIP][WPS][ESS],2017-10-31 13:30:11,6,-86,32.10583463,35.10456393,461,12.13599967956543,WIFI
14:ae:db:55:93:6d,BEZEQINT-9369,[WPA-PSK-CCMP+TKIP][WPA2-PSK-CCMP+TKIP][WPS][ESS],2017-10-31 13:30:13,6,-77,32.10572759,35.10464464,459,12.13599967956543,WIFI
c0:a0:bb:cb:36:3c,Other,[WEP][ESS],2017-10-31 13:30:13,1,-79,32.10572759,35.10464464,459,12.13599967956543,WIFI
42501_7213_5429762,Partner,UNKNOWN;il,2017-10-31 13:30:13,0,-87,32.10572759,35.10464464,459,12.13599967956543,GSM
b0:b2:8f:1e:7f:6a,Glik2,[WPA-PSK-CCMP+TKIP][WPA2-PSK-CCMP+TKIP][ESS],2017-10-31 13:30:15,11,-83,32.10564104,35.10471842,458,10.618999481201172,WIFI
18:a6:f7:b0:1c:ba,amram,[WPA2-PSK-CCMP+TKIP][WPS][ESS],2017-10-31 13:30:15,6,-85,32.10564104,35.10471842,458,10.618999481201172,WIFI
7c:b7:33:2b:d0:45,Yair,[WPA-PSK-CCMP+TKIP][WPA2-PSK-CCMP+TKIP][ESS],2017-10-31 13:30:17,1,-76,32.10553687,35.1047929,457,12.13599967956543,WIFI
00:23:cd:15:95:90,Yair1,[WPA-PSK-CCMP][WPA2-PSK-CCMP][WPS][ESS],2017-10-31 13:30:17,1,-82,32.10553687,35.1047929,457,12.13599967956543,WIFI
_22811_5371435,,UNKNOWN;,2017-10-31 13:30:17,0,-89,32.10553687,35.1047929,457,12.13599967956543,GSM
50:c7:bf:e5:20:4d,Amirgaby1,[WPA-PSK-CCMP+TKIP][WPA2-PSK-CCMP+TKIP][ESS],2017-10-31 13:30:19,3,-85,32.10542347,35.10485775,457,12.13599967956543,WIFI
c0:a0:bb:8f:2a:bd,Yuv_EXT,[WPA-PSK-CCMP+TKIP][WPA2-PSK-CCMP+TKIP][ESS],2017-10-31 13:30:21,1,-74,32.10534661,35.10494649,456,12.13599967956543,WIFI
14:ae:db:be:cf:1a,Wi-Fi Home 2.4,[WPA2-PSK-CCMP][ESS],2017-10-31 13:30:23,3,-80,32.10529566,35.10502545,456,15.170000076293945,WIFI
20:0c:c8:0f:b9:dd,milagrankin1,[WPA2-PSK-CCMP][WPS][ESS],2017-10-31 13:30:23,1,-84,32.10529566,35.10502545,456,15.170000076293945,WIFI
20:0c:c8:0f:b9:dd,milagrankin1,[WPA2-PSK-CCMP][WPS][ESS],2017-10-31 13:30:25,1,-77,32.10528987,35.1050658,455,15.170000076293945,WIFI
00:78:9e:fb:40:12,HOTBOX,[WPA-PSK-CCMP+TKIP][WPA2-PSK-CCMP+TKIP][ESS],2017-10-31 13:30:27,1,-89,32.10523397,35.10513887,456,15.170000076293945,WIFI
50:c7:bf:e5:20:4d,Amirgaby1,[WPA-PSK-CCMP+TKIP][WPA2-PSK-CCMP+TKIP][ESS],2017-10-31 13:30:29,3,-78,32.10519513,35.10526371,455,13.652999877929688,WIFI
00:78:9e:fb:40:12,HOTBOX,[WPA-PSK-CCMP+TKIP][WPA2-PSK-CCMP+TKIP][ESS],2017-10-31 13:30:29,1,-79,32.10519513,35.10526371,455,13.652999877929688,WIFI
c4:12:f5:81:ba:7c,eden2.4,[WPA2-PSK-CCMP][ESS],2017-10-31 13:30:29,6,-87,32.10519513,35.10526371,455,13.652999877929688,WIFI
14:af:db:be:65:62,BezeqFree,[WPA2-PSK-CCMP][ESS],2017-10-31 13:30:29,10,-87,32.10519513,35.10526371,455,13.652999877929688,WIFI
14:ae:db:be:65:62,Oren,[WPA2-PSK-CCMP][ESS],2017-10-31 13:30:31,10,-85,32.10519213,35.10541765,455,10.618999481201172,WIFI
c4:12:f5:81:ba:7c,eden2.4,[WPA2-PSK-CCMP][ESS],2017-10-31 13:30:33,6,-69,32.1051766,35.10554476,457,10.618999481201172,WIFI
00:78:9e:fa:af:ff,afrat,[WPA-PSK-CCMP+TKIP][WPA2-PSK-CCMP+TKIP][ESS],2017-10-31 13:30:33,1,-77,32.1051766,35.10554476,457,10.618999481201172,WIFI
04:a1:51:c4:2b:2b,sima2.4,[WPA2-PSK-CCMP][WPS][ESS],2017-10-31 13:30:33,6,-83,32.1051766,35.10554476,457,10.618999481201172,WIFI
c4:12:f5:81:ba:7d,eden5,[WPA2-PSK-CCMP][ESS],2017-10-31 13:30:33,48,-89,32.1051766,35.10554476,457,10.618999481201172,WIFI
7c:b7:33:97:39:87,HOTFiber-8B14,[WPA-PSK-CCMP+TKIP][WPA2-PSK-CCMP+TKIP][ESS],2017-10-31 13:30:35,11,-75,32.10515721,35.10567417,457,10.618999481201172,WIFI
42501_10072_516880,Partner,UMTS;il,2017-10-31 13:30:35,0,-91,32.10515721,35.10567417,457,10.618999481201172,GSM
ac:f1:df:9d:ae:b9,ohayon_1,[WPA2-PSK-CCMP][ESS],2017-10-31 13:30:37,6,-79,32.10512302,35.10580416,456,12.13599967956543,WIFI
14:ae:db:b6:a2:75,karen,[WPA2-PSK-CCMP][ESS],2017-10-31 13:30:37,1,-82,32.10512302,35.10580416,456,12.13599967956543,WIFI
42501_10072_479982,Partner,UMTS;il,2017-10-31 13:30:37,0,-91,32.10512302,35.10580416,456,12.13599967956543,GSM
14:ae:db:b6:a2:75,karen,[WPA2-PSK-CCMP][ESS],2017-10-31 13:30:39,1,-75,32.1050981,35.10591067,456,12.13599967956543,WIFI
c4:12:f5:81:c7:00,Hershko1,[WPA2-PSK-CCMP][ESS],2017-10-31 13:30:39,11,-79,32.1050981,35.10591067,456,12.13599967956543,WIFI
06:ae:db:b6:a2:75,BezeqFree,[WPA2-PSK-CCMP][ESS],2017-10-31 13:30:39,1,-79,32.1050981,35.10591067,456,12.13599967956543,WIFI
10:be:f5:35:2a:20,Nimkovsky,[WPA2-PSK-CCMP][ESS],2017-10-31 13:30:41,1,-82,32.10505865,35.10603097,460,16.687000274658203,WIFI
6c:b0:ce:a5:84:8b,Yuval2.4,[WPA2-PSK-CCMP][WPS][ESS],2017-10-31 13:30:41,1,-84,32.10505865,35.10603097,460,16.687000274658203,WIFI
a4:5d:36:b9:86:8d,HP-Print-8D-Officejet 6700,[WPA2-PSK-CCMP][ESS],2017-10-31 13:30:43,1,-84,32.10504907,35.10616739,457,16.687000274658203,WIFI
ac:f1:df:18:67:4e,bezeq_net 2.4,[WPA2-PSK-CCMP][ESS],2017-10-31 13:30:43,6,-85,32.10504907,35.10616739,457,16.687000274658203,WIFI
10:be:f5:35:2a:20,Nimkovsky,[WPA2-PSK-CCMP][ESS],2017-10-31 13:30:45,1,-77,32.10502673,35.10627652,459,16.687000274658203,WIFI
6c:b0:ce:a5:84:8b,Yuval2.4,[WPA2-PSK-CCMP][WPS][ESS],2017-10-31 13:30:45,1,-77,32.10502673,35.10627652,459,16.687000274658203,WIFI
ac:f1:df:18:67:4e,bezeq_net 2.4,[WPA2-PSK-CCMP][ESS],2017-10-31 13:30:47,6,-79,32.10502426,35.1063814,462,16.687000274658203,WIFI
9e:93:4e:36:5a:79,DIRECT-1FPhaser 3020,[WPA2-PSK-CCMP][WPS-AUTH][ESS],2017-10-31 13:30:49,6,-75,32.10499028,35.10648365,461,18.203998565673828,WIFI
e8:94:f6:87:72:e0,sh-home,[WPA-PSK-CCMP+TKIP][WPA2-PSK-CCMP+TKIP][WPS][ESS],2017-10-31 13:30:49,11,-80,32.10499028,35.10648365,461,18.203998565673828,WIFI
42501_10072_2147483647,Partner,UNKNOWN;il,2017-10-31 13:30:49,0,-83,32.10499028,35.10648365,461,18.203998565673828,GSM
cc:b2:55:e7:84:b9,galit1,[WPA2-PSK-CCMP][ESS],2017-10-31 13:30:51,6,-75,32.10495495,35.10662817,462,16.687000274658203,WIFI
cc:b2:55:e7:84:b9,galit1,[WPA2-PSK-CCMP][ESS],2017-10-31 13:30:53,6,-68,32.10492757,35.10673049,461,16.687000274658203,WIFI
3c:1e:04:07:45:80,OpalixinHome,[WPA-PSK-CCMP+TKIP][WPA2-PSK-CCMP+TKIP][ESS],2017-10-31 13:30:53,1,-84,32.10492757,35.10673049,461,16.687000274658203,WIFI
50:c7:bf:b0:b1:85,Naor,[WPA2-PSK-CCMP][WPS][ESS],2017-10-31 13:30:55,5,-82,32.10492407,35.10681112,461,16.687000274658203,WIFI
42501_10072_470801,Partner,HSDPA;il,2017-10-31 13:30:55,0,-73,32.10492407,35.10681112,461,16.687000274658203,GSM
b0:41:1d:28:3b:c1,AEH-W4A1-b0411d283bc1,[WPA2-PSK-CCMP][ESS],2017-10-31 13:30:57,9,-81,32.10494912,35.10691076,462,16.687000274658203,WIFI
c4:12:f5:81:83:97,Mali_2.4G,[WPA2-PSK-CCMP][ESS],2017-10-31 13:30:57,11,-86,32.10494912,35.10691076,462,16.687000274658203,WIFI
a0:ab:1b:62:64:78,Chen and shay,[WPA2-PSK-CCMP][ESS],2017-10-31 13:30:57,1,-89,32.10494912,35.10691076,462,16.687000274658203,WIFI
50:c7:bf:b0:b1:85,Naor,[WPA2-PSK-CCMP][WPS][ESS],2017-10-31 13:31:01,5,-72,32.10503176,35.10711733,463,18.203998565673828,WIFI
c4:04:15:60:ef:75,RamBeni,[WPA2-PSK-CCMP][WPS][ESS],2017-10-31 13:31:01,1,-84,32.10503176,35.10711733,463,18.203998565673828,WIFI
50:c7:bf:b0:b1:87,Naor 5G,[WPA2-PSK-CCMP][WPS][ESS],2017-10-31 13:31:01,36,-89,32.10503176,35.10711733,463,18.203998565673828,WIFI
00:12:2a:d1:8f:b8,AviPetan,[WPA2-PSK-CCMP][ESS],2017-10-31 13:31:04,4,-78,32.10503222,35.10725586,464,18.203998565673828,WIFI
00:12:2a:d1:8f:bc,AviPetan2,[WPA2-PSK-CCMP][ESS],2017-10-31 13:31:04,36,-84,32.10503222,35.10725586,464,18.203998565673828,WIFI
f4:f2:6d:5e:a9:7a,AviPetan,[WPA-PSK-CCMP+TKIP][WPA2-PSK-CCMP+TKIP][WPS][ESS],2017-10-31 13:31:04,4,-85,32.10503222,35.10725586,464,18.203998565673828,WIFI
00:12:2a:d1:8f:b8,AviPetan,[WPA2-PSK-CCMP][ESS],2017-10-31 13:31:06,4,-71,32.10503821,35.10733195,466,18.203998565673828,WIFI
f4:f2:6d:5e:a9:7a,AviPetan,[WPA-PSK-CCMP+TKIP][WPA2-PSK-CCMP+TKIP][WPS][ESS],2017-10-31 13:31:06,4,-67,32.10503821,35.10733195,466,18.203998565673828,WIFI
fc:b4:e6:d2:a9:04,HOTBOX-A8FE,[WPA-PSK-CCMP+TKIP][WPA2-PSK-CCMP+TKIP][ESS],2017-10-31 13:31:06,6,-82,32.10503821,35.10733195,466,18.203998565673828,WIFI
f8:ab:05:43:f6:f5,HOTBOX-A8FE,[WPA-PSK-CCMP+TKIP][WPA2-PSK-CCMP+TKIP][ESS],2017-10-31 13:31:06,6,-83,32.10503821,35.10733195,466,18.203998565673828,WIFI
f8:ab:05:44:94:56,HOTBOX-A8FE,[WPA-PSK-CCMP+TKIP][WPA2-PSK-CCMP+TKIP][ESS],2017-10-31 13:31:08,6,-79,32.10505835,35.10740408,467,19.720998764038086,WIFI
fc:3f:db:a0:61:d6,DIRECT-59-HP DeskJet 3830 series,[WPA2-PSK-CCMP][WPS][ESS],2017-10-31 13:31:08,1,-80,32.10505835,35.10740408,467,19.720998764038086,WIFI
f8:ab:05:ef:1e:a3,HOTBOX-A8FE,[WPA-PSK-CCMP+TKIP][WPA2-PSK-CCMP+TKIP][ESS],2017-10-31 13:31:10,6,-87,32.10507601,35.10750255,464,18.203998565673828,WIFI
6c:b0:ce:aa:97:a1,NAGARF,[WPA2-PSK-CCMP][WPS][ESS],2017-10-31 13:31:15,6,-84,32.10533837,35.10779339,455,16.687000274658203,WIFI
14:ae:db:45:2a:7d,BEZEQINT-2A79,[WPA-PSK-CCMP+TKIP][WPA2-PSK-CCMP+TKIP][WPS][ESS],2017-10-31 13:31:15,1,-86,32.10533837,35.10779339,455,16.687000274658203,WIFI
f8:e9:03:0e:7e:e0,BezeqNGN_011207_2.4GHz_1,[ESS],2017-10-31 13:31:15,1,-85,32.10533837,35.10779339,455,16.687000274658203,WIFI
c0:ac:54:f8:29:f8,Einats17,[WPA-PSK-CCMP+TKIP][WPA2-PSK-CCMP+TKIP][ESS],2017-10-31 13:31:17,11,-84,32.1054233,35.10788246,456,18.203998565673828,WIFI
42501_10072_470801,Partner,HSDPA;il,2017-10-31 13:31:17,0,-69,32.1054233,35.10788246,456,18.203998565673828,GSM
c4:04:15:63:4d:76,Yakar-Ezra,[WPA2-PSK-CCMP][WPS][ESS],2017-10-31 13:31:19,1,-84,32.105504,35.10791421,454,18.203998565673828,WIFI
a4:52:6f:ff:4e:19,lotus,[WPA2-PSK-CCMP][ESS],2017-10-31 13:31:23,6,-78,32.10569487,35.10798523,455,16.687000274658203,WIFI
a4:52:6f:ff:4e:19,lotus,[WPA2-PSK-CCMP][ESS],2017-10-31 13:31:25,6,-60,32.10579406,35.10799994,456,16.687000274658203,WIFI
f8:ab:05:48:2a:6f,HOTBOX-6D701,[WPA-PSK-CCMP+TKIP][WPA2-PSK-CCMP+TKIP][ESS],2017-10-31 13:31:25,1,-76,32.10579406,35.10799994,456,16.687000274658203,WIFI
60:e3:27:6c:87:4e,TP-LINK ,[WPA-PSK-CCMP+TKIP][WPA2-PSK-CCMP+TKIP][WPS][ESS],2017-10-31 13:31:25,6,-83,32.10579406,35.10799994,456,16.687000274658203,WIFI
c8:be:19:0c:68:49,spiderman,[WPA2-PSK-CCMP][ESS],2017-10-31 13:31:25,11,-85,32.10579406,35.10799994,456,16.687000274658203,WIFI
34:ce:00:1e:ea:e7,HayHome_plus,[WPA-PSK-CCMP+TKIP][WPA2-PSK-CCMP+TKIP][WPS][ESS],2017-10-31 13:31:27,9,-81,32.10588314,35.10802269,460,16.687000274658203,WIFI
d0:0f:6d:c2:23:09,HayHome,[WPA2-PSK-CCMP][ESS],2017-10-31 13:31:27,9,-82,32.10588314,35.10802269,460,16.687000274658203,WIFI
88:25:93:45:9c:13,TP-LINK_9C13,[WPA-PSK-CCMP][WPA2-PSK-CCMP][WPS][ESS],2017-10-31 13:31:32,11,-84,32.10607805,35.10799664,460,16.687000274658203,WIFI
88:25:93:45:9c:13,TP-LINK_9C13,[WPA-PSK-CCMP][WPA2-PSK-CCMP][WPS][ESS],2017-10-31 13:31:34,11,-79,32.10612347,35.10799538,461,18.203998565673828,WIFI
c4:04:15:63:4d:76,Yakar-Ezra,[WPA2-PSK-CCMP][WPS][ESS],2017-10-31 13:31:34,1,-79,32.10612347,35.10799538,461,18.203998565673828,WIFI
6a:04:15:63:4d:77,Bezeq Free J01610,[ESS],2017-10-31 13:31:34,1,-81,32.10612347,35.10799538,461,18.203998565673828,WIFI
14:ae:db:c6:76:7a,Zeevi-2.4G,[WPA-PSK-CCMP+TKIP][WPA2-PSK-CCMP+TKIP][WPS][ESS],2017-10-31 13:31:36,5,-83,32.10617662,35.10798223,460,21.237998962402344,WIFI
88:25:93:45:9c:13,TP-LINK_9C13,[WPA-PSK-CCMP][WPA2-PSK-CCMP][WPS][ESS],2017-10-31 13:31:38,11,-73,32.1062696,35.10797121,460,21.237998962402344,WIFI
5c:b9:01:6d:f7:64,HP-Print-64-Deskjet 4640 series,[ESS],2017-10-31 13:31:38,1,-83,32.1062696,35.10797121,460,21.237998962402344,WIFI
18:a6:f7:8a:95:6e,Home,[WPA-PSK-CCMP+TKIP][WPA2-PSK-CCMP+TKIP][WPS][ESS],2017-10-31 13:31:40,10,-82,32.10636497,35.1079555,461,18.203998565673828,WIFI
18:a6:f7:8a:95:6e,Home,[WPA-PSK-CCMP+TKIP][WPA2-PSK-CCMP+TKIP][WPS][ESS],2017-10-31 13:31:41,10,-73,32.1064122,35.10795522,461,18.203998565673828,WIFI
14:ae:db:c6:76:7d,Zeevi-5G,[WPA-PSK-CCMP+TKIP][WPA2-PSK-CCMP+TKIP][WPS][ESS],2017-10-31 13:31:41,40,-88,32.1064122,35.10795522,461,18.203998565673828,WIFI
00:78:9e:fb:20:0c,HOTBOX-CBC4,[WPA-PSK-CCMP+TKIP][WPA2-PSK-CCMP+TKIP][ESS],2017-10-31 13:31:41,1,-84,32.1064122,35.10795522,461,18.203998565673828,WIFI
00:21:04:49:80:32,roimi,[WPA-PSK-CCMP+TKIP][WPA2-PSK-CCMP+TKIP][ESS],2017-10-31 13:31:41,6,-84,32.1064122,35.10795522,461,18.203998565673828,WIFI
42501_7213_3082243,Partner,UNKNOWN;il,2017-10-31 13:31:44,0,-81,32.10655302,35.10792456,460,18.203998565673828,GSM
00:78:9e:fb:36:50,Home,[WPA-PSK-CCMP+TKIP][WPA2-PSK-CCMP+TKIP][ESS],2017-10-31 13:31:46,10,-82,32.10661994,35.10796355,462,19.720998764038086,WIFI
d8:fe:e3:02:1e:c9,hefziba,[WPA2-PSK-CCMP][ESS],2017-10-31 13:31:46,1,-84,32.10661994,35.10796355,462,19.720998764038086,WIFI
00:21:04:49:80:32,roimi,[WPA-PSK-CCMP+TKIP][WPA2-PSK-CCMP+TKIP][ESS],2017-10-31 13:31:52,6,-78,32.10679218,35.10781076,465,18.203998565673828,WIFI
00:21:04:49:80:32,roimi,[WPA-PSK-CCMP+TKIP][WPA2-PSK-CCMP+TKIP][ESS],2017-10-31 13:31:54,6,-66,32.10687165,35.10773605,465,18.203998565673828,WIFI
42501_7213_3082242,Partner,UNKNOWN;il,2017-10-31 13:31:54,0,-113,32.10687165,35.10773605,465,18.203998565673828,GSM
08:6a:0a:6a:09:7a,Avi,[WPA-PSK-CCMP+TKIP][WPA2-PSK-CCMP+TKIP][ESS],2017-10-31 13:32:00,6,-85,32.10706894,35.10750633,461,16.687000274658203,WIFI
48:ee:0c:40:07:5e,ayelet10,[WPA2-PSK-CCMP][ESS],2017-10-31 13:32:00,11,-87,32.10706894,35.10750633,461,16.687000274658203,WIFI
f8:ab:05:ed:b4:91,Avi,[WPA-PSK-CCMP+TKIP][WPA2-PSK-CCMP+TKIP][ESS],2017-10-31 13:32:02,11,-79,32.1071161,35.10743898,467,16.687000274658203,WIFI
80:26:89:0d:50:c4,barkan gan,[WPA2-PSK-CCMP][ESS],2017-10-31 13:32:02,9,-84,32.1071161,35.10743898,467,16.687000274658203,WIFI
f8:ab:05:ea:bd:af,Avi,[WPA-PSK-CCMP+TKIP][WPA2-PSK-CCMP+TKIP][ESS],2017-10-31 13:32:04,11,-76,32.10718335,35.10733314,470,16.687000274658203,WIFI
7c:b7:33:a1:77:8e,Adani,[WPA-PSK-CCMP+TKIP][WPA2-PSK-CCMP+TKIP][ESS],2017-10-31 13:32:06,1,-80,32.10726674,35.10725666,471,18.203998565673828,WIFI
8c:dc:d4:68:89:4f,HP-Print-4F-Deskjet 4640 series,[WPA2-PSK-CCMP][ESS],2017-10-31 13:32:06,6,-86,32.10726674,35.10725666,471,18.203998565673828,WIFI
48:ee:0c:40:07:5e,ayelet10,[WPA2-PSK-CCMP][ESS],2017-10-31 13:32:10,11,-76,32.10740819,35.10712993,475,18.203998565673828,WIFI
10:be:f5:41:d5:c2,poulin,[WPA2-PSK-CCMP][ESS],2017-10-31 13:32:10,9,-86,32.10740819,35.10712993,475,18.203998565673828,WIFI
8c:dc:d4:68:89:4f,HP-Print-4F-Deskjet 4640 series,[WPA2-PSK-CCMP][ESS],2017-10-31 13:32:12,6,-76,32.10747351,35.10704588,477,18.203998565673828,WIFI
42501_7121_7697922,Partner,UNKNOWN;il,2017-10-31 13:32:14,0,-113,32.1075452,35.10696157,477,19.720998764038086,GSM
10:be:f5:35:3d:3a,shay1,[WPA-PSK-CCMP][ESS],2017-10-31 13:32:23,6,-87,32.10767116,35.10650405,473,18.203998565673828,WIFI
80:26:89:0d:50:c4,barkan gan,[WPA2-PSK-CCMP][ESS],2017-10-31 13:32:25,9,-85,32.10769655,35.10638584,474,16.687000274658203,WIFI
c4:12:f5:f9:6b:86,Rinat,[WPA2-PSK-CCMP][ESS],2017-10-31 13:32:25,9,-81,32.10769655,35.10638584,474,16.687000274658203,WIFI
42501_18122_537602,Partner,UNKNOWN;il,2017-10-31 13:32:25,0,-113,32.10769655,35.10638584,474,16.687000274658203,GSM
c4:12:f5:fd:37:e8,Eli,[WPA2-PSK-CCMP][ESS],2017-10-31 13:32:27,11,-87,32.10773837,35.10625517,475,18.203998565673828,WIFI
cc:b2:55:67:2d:4c,Zvuvik1r,[WPA2-PSK-CCMP][ESS],2017-10-31 13:32:29,6,-83,32.10773857,35.10616374,474,16.687000274658203,WIFI
42501_7213_5455362,Partner,UNKNOWN;il,2017-10-31 13:32:29,0,-113,32.10773857,35.10616374,474,16.687000274658203,GSM
10:be:f5:35:3d:3a,shay1,[WPA-PSK-CCMP][ESS],2017-10-31 13:32:31,6,-82,32.10774013,35.10608099,475,16.687000274658203,WIFI
18:a6:f7:5e:a0:cd,polishuk1,[WPA2-PSK-CCMP+TKIP][WPS][ESS],2017-10-31 13:32:31,7,-84,32.10774013,35.10608099,475,16.687000274658203,WIFI
6c:b0:ce:2e:89:c9,elad,[WPA2-PSK-CCMP][WPS][ESS],2017-10-31 13:32:33,11,-84,32.107723,35.10601107,474,16.687000274658203,WIFI
42501_10072_470801,Partner,HSDPA;il,2017-10-31 13:32:37,0,-113,32.10775533,35.1059142,474,15.170000076293945,GSM
00:78:9e:ff:95:6e,Bar-ozhot,[WPA-PSK-CCMP+TKIP][WPA2-PSK-CCMP+TKIP][ESS],2017-10-31 13:32:41,11,-86,32.10771439,35.10587686,475,18.203998565673828,WIFI
42501_10072_470801,Partner,HSDPA;il,2017-10-31 13:32:41,0,-89,32.10771439,35.10587686,475,18.203998565673828,GSM
00:78:9e:ff:95:6e,Bar-ozhot,[WPA-PSK-CCMP+TKIP][WPA2-PSK-CCMP+TKIP][ESS],2017-10-31 13:32:43,11,-81,32.10770126,35.10588715,476,19.720998764038086,WIFI
00:90:8f:63:68:8c,esti,[WPA-PSK-CCMP][WPA2-PSK-CCMP][ESS],2017-10-31 13:32:57,10,-70,32.1077236,35.10592277,475,18.203998565673828,WIFI
80:26:89:0d:50:c4,barkan gan,[WPA2-PSK-CCMP][ESS],2017-10-31 13:33:03,9,-79,32.10774469,35.10591392,474,18.203998565673828,WIFI
c4:12:f5:fd:37:e8,Eli,[WPA2-PSK-CCMP][ESS],2017-10-31 13:33:12,11,-81,32.10770988,35.10591666,475,16.687000274658203,WIFI
c4:12:f5:f7:35:00,zelikman,[WPA2-PSK-CCMP][ESS],2017-10-31 13:33:12,3,-83,32.10770988,35.10591666,475,16.687000274658203,WIFI
10:be:f5:35:3d:3a,shay1,[WPA-PSK-CCMP][ESS],2017-10-31 13:33:18,6,-76,32.10772117,35.10593231,475,16.687000274658203,WIFI
42501_10072_480070,Partner,HSDPA;il,2017-10-31 13:33:18,0,-87,32.10772117,35.10593231,475,16.687000274658203,GSM
c4:12:f5:81:52:44,Bezeq_WiFi_2.4,[WPA2-PSK-CCMP][ESS],2017-10-31 13:33:23,11,-82,32.10772094,35.1059314,475,16.687000274658203,WIFI
30:b5:c2:b8:3e:4e,~~AZZOUN~~,[ESS],2017-10-31 13:33:23,5,-87,32.10772094,35.1059314,475,16.687000274658203,WIFI
10:be:f5:35:3d:3a,shay1,[WPA-PSK-CCMP][ESS],2017-10-31 13:33:28,6,-69,32.10775639,35.10596693,471,15.170000076293945,WIFI
f4:f2:6d:8d:9d:80,,[WPA2-PSK-CCMP][ESS],2017-10-31 13:33:36,8,-86,32.10779533,35.10596683,471,15.170000076293945,WIFI
42501_10072_2147483647,Partner,UNKNOWN;il,2017-10-31 13:33:39,0,-87,32.1077982,35.10594712,474,15.170000076293945,GSM
c4:12:f5:fd:37:e8,Eli,[WPA2-PSK-CCMP][ESS],2017-10-31 13:33:42,11,-75,32.10779825,35.10594767,475,16.687000274658203,WIFI
42501_7213_5455362,Partner,UNKNOWN;il,2017-10-31 13:34:01,0,-91,32.10779801,35.10594744,476,28.822999954223633,GSM
10:be:f5:35:3d:3a,shay1,[WPA-PSK-CCMP][ESS],2017-10-31 13:34:04,6,-59,32.10779808,35.10594751,475,28.822999954223633,WIFI
10:be:f5:35:3d:3a,shay1,[WPA-PSK-CCMP][ESS],2017-10-31 13:34:07,6,-50,32.10779813,35.10594751,475,33.374000549316406,WIFI
42501_7121_16768001,Partner,UNKNOWN;il,2017-10-31 13:34:07,0,-113,32.10779813,35.10594751,475,33.374000549316406,GSM
42501_7121_7697922,Partner,UNKNOWN;il,2017-10-31 13:34:13,0,-113,32.10779818,35.10594797,476,53.09499740600586,GSM
10:be:f5:35:3d:3a,shay1,[WPA-PSK-CCMP][ESS],2017-10-31 13:34:16,6,-44,32.10779818,35.10594799,476,65.23099517822266,WIFI
